<?xml version="1.0" encoding="UTF-8"?>
<project-private xmlns="http://www.netbeans.org/ns/project-private/1">
    <editor-bookmarks xmlns="http://www.netbeans.org/ns/editor-bookmarks/2" lastBookmarkId="0"/>
    <open-files xmlns="http://www.netbeans.org/ns/projectui-open-files/2">
        <group>
            <file>file:/C:/xampp/htdocs/C273/Graded/YishunHosp.php</file>
            <file>file:/C:/xampp/htdocs/C273/Graded/doSignUp.php</file>
            <file>file:/C:/xampp/htdocs/C273/Graded/dbFunctions.php</file>
            <file>file:/C:/xampp/htdocs/C273/Graded/navbar.php</file>
            <file>file:/C:/xampp/htdocs/C273/Graded/exercise.php</file>
            <file>file:/C:/xampp/htdocs/C273/Graded/login.php</file>
            <file>file:/C:/xampp/htdocs/C273/Graded/signup.php</file>
        </group>
    </open-files>
</project-private>
